Strategy,alpha,alpha_t,alpha_p,beta_mkt,beta_mkt_t,beta_mkt_p,beta_smb,beta_smb_t,beta_smb_p,beta_vmg,beta_vmg_t,beta_vmg_p,r_squared,adj_r_squared,n_obs,resid_std
等权组合,-0.01097129358442759,-15.93817271706696,1.751196489328999e-38,1.005671518831292,112.12088784688272,2.0459578336561527e-195,0.6335708478142879,38.179947241516345,9.159076540276025e-99,-0.008785846617665575,-0.4985026265308937,0.618630110801418,0.9877266077334043,0.987558479072218,223,0.00970814283083291
市值加权组合,0.0016666666666666798,242244016117796.94,0.0,0.9999999999999994,1.1154599799499264e+16,0.0,-3.7556763254897874e-16,-2.264393557281625,0.024528956325523908,3.920475055707584e-16,2.2255950405715703,0.027060625529626417,1.0,1.0,223,9.631145415676909e-17
小市值组合,0.0014487586723628517,4.609474797693521,6.856594945381904e-06,1.0036527807272173,245.06910990197395,3.831310223109854e-269,0.9024936677082341,119.1129567189525,4.463608236627235e-201,-0.07952275882823083,-9.882116648848998,2.7964398344817276e-19,0.9978092326476875,0.997779222136012,223,0.00443262971313079
高EP组合,0.0013520826464596047,1.6548201129367646,0.09939338554105283,1.0386398737129994,97.55785171659636,1.9251533993522835e-182,-0.05269981114759071,-2.675568390621874,0.008023897281074544,0.6061064673094734,28.973409963252386,7.209326444785688e-77,0.9775737676566961,0.9772665589944591,223,0.011523099116468713
